,Id,Target,Tweet
0,2265,0,abis bulutangkis
1,308,1,acara sampe nggak henti nang terimakasih kak greysia dedikasi bulutangkis indonesiaterimakasih semangat terimakasih prestasi terimakasihgreysiapolii
2,25,1,agam prestasi catat greysia polii atlet bulutangkis asi games sea games olimpiade gelar
3,701,0,aja ga ngerti bulutangkis kaya
4,824,1,ajang kompetisi olahraga gengsi atlet sandang disabilitas tanding cabang olahraga para-atletik para-renang bulutangkis tenis meja catur para-angkat berat boccia blind judo goalball tenis kursi roda
5,732,0,ajar waelah gk tuh kalo gk support main bulutangkis indo
6,2268,0,ak lg nonton bulutangkis
7,790,0,akku tonton tanding bulutangkis ya stop deh nontonya notifikasi ok
8,770,0,aku ginting bikin axelsen raja bulutangkis dunia
9,2010,0,alas cari cari djarum rokok sponsor bulutangkis puluh olahraga rokok kontradiksi
10,514,1,alat bulutangkis
11,679,1,alhamdulillah barrokallah semangat atlet bulutangkis indonesia
12,304,1,ambyar kak greys peluk apri latih terimakasih juang prestasi dunia bulutangkis happy retirement greysia polii
13,2302,0,anjir bulutangkis lebaran hayati
14,2460,1,anthony ginting hasil lolos babak main rubber game selamat ony inafo inabminton bulutangkis badmintonindonesia dim
15,2422,0,anthony ginting kunci hasil bungkam kunlavut vitidsarn lengkapcepatberitanya olahraga sport bulutangkis netting badminton
16,978,0,anthony ginting kunci sukses laju semifinal indonesia masters lengkapcepatberitanya olahraga sport bulutangkis netting badminton
17,2394,1,anthony ginting selamat kejut indonesia masters
18,2024,1,anthony sinisuka ginting harap tunggal putra tuan rumah sisa indonesia masters
19,793,1,antony ginting gagal final indonesia master
20,354,0,apresiasi nya ginting udah gak top forma liat umur nya main bulutangkis cepat ubah masuk dunia
21,2317,0,apri fadia menang berkat tangan dingin iwan bule iwan bule kenal bulutangkis indonesia dunia
22,2326,0,apri fadia menang berkat tangan dingin iwan bule iwan bule kenal bulutangkis indonesia dunia ciiiaaattt
23,875,1,apri melanju final lanjut temu raket bulutangkis paket komplit raket badminton tas kock grip
24,960,0,apriyani fadia kan resep sukses tembus semifinal indonesia masters lengkapcepatberitanya olahraga sport bulutangkis netting badminton
25,405,1,apriyani fadia tantang ganda china
26,830,1,apriyani rahyu siti fadia tembus final ganda putri indonesia masters lengkap klik taut infoolahraga indonesiamasters bulutangkis gandaputriindonesia
27,2346,1,arlya agnia gagal babak dihadang xuan xia babak semangat inafo inabminton bulutangkis badmintonindonesia dim
28,675,0,asa lg fotoshoot main bulutangkis wkwk
29,915,0,asa tuan putri nonton bulutangkis pekan ditemenin dibeliin makan
30,1999,1,asi games jakarta palembang udh niat tdinya ken ah jd volunteer mumpung msh libur kuliah ngarep kali aja terima trus tmpatin venue bulutangkis tp jreeeng asi games kuliah sedih bat jujurly
31,995,0,astagfirullah ngapa sih suka banget teriak abisin abisin court tuh main bulutangkis
32,1326,0,astagfirullah ngapa sih suka banget teriak abisin abisin court tuh main bulutangkis makan
33,1194,0,atlet bulutangkis duga racun makan hotel
34,904,0,atlet bulutangkis kalah prestasi orangtuanya
35,1155,0,atlet ganda campur malaysia racun makan tanding indonesia master
36,2384,1,atlet kebangaan indonesia greysia polii resmi pensiun dunia bulutangkis internasional terima kasih medali e
37,2278,0,awak ra penak trus nontok bulutangkis
38,828,0,axel join juara bulutangkis planet wakil earth
39,2297,1,ayo jadwalin main bulutangkis
40,1383,0,ayo sponsor utama nya hendra-ahsan tournament bulutangkis from this to this
41,2367,1,babak pasang peringkat dunia hadap wakil indonesia leo rolly carnando daniel marthin peringkat indonesiamaster indonesiaopen siaranlangsungindonesiamaster badminton bulutangkis
42,2397,0,baca buku main volly main bulutangkis main gitar
43,2444,0,bagus banget cerita romance atlet bulutangkis jalan hidup suka duka juang singkat tonton bikin gin masalah ringan sih gak larut gak bikin bosen must watching
44,2406,0,baju badminton l atas bulutangkis dewasa timnas indonesia olympiade tokyo potong rp rp dapat shopee
45,868,0,banget tonton bulutangkis pmpl sea msc unipin final hari timnas bola
46,1330,0,banyak bokap-bokap jago bgt main bulutangkis pingpong
47,852,1,bekas peeps ajak gue olahraga rutin sabtu yg capek bulutangkis tenis gt ok
48,815,1,beli martabak temen ngopi nonton bulutangkis
49,1244,0,berkat agung firman sampurna beliau bulutangkis indonesia apa
50,895,0,besok prancis juara si naek banget rapi asia mulu eropa biar hitung olahraga bulutangkis negara eropa
51,938,0,biasnaya kock bulutangkis pas ngambilnya suka kena marah yg rumah
52,2225,0,bikin atur seleksi masuk akal asosiasi bulutangkis china tuai kritik pedas
53,714,1,bikin males nonton bulutangkis tivi nasional dengerin komentator diomongin gak kedengeran atlet stop komen ngasih saran gak sih kayak oma gill aja gak tolong disiarin tv bayar indonesiamasters
54,1283,0,bilang main bulutangkis main bola coach
55,939,0,bingung nonton bulutangkis msc
56,2273,1,bl bulutangkis
57,3,0,bl indonesia jalan sejarah bulutangkis indonesia bangga
58,302,0,bl indonesia jalan sejarah bulutangkis indonesia bangga atlet thank u kak ge bl indoenesia terimakasihgreysiapolii
59,2300,1,bnr emang nonton bulutangkis prestasi numero uno wkwk
60,936,1,bola bulutangkis
61,905,0,bola bulutangkis main kecantol genteng
62,654,1,breaking news ni ketut mahadewi istirani umum pensiun atlet bulutangkis profesional terimakasih sukses mbok ketut
63,445,1,buka tampil raisa acara testimonial day gresyia polii resmi lengkapcepatberitanya olahraga sport bulutangkis netting badminton
64,1188,0,bukanhanya orang beliau ketua pssiiwan bule beliau tau seluk beluk bulutangkis tingkat dunia sepele
65,2485,1,buku thomas cup beli versi digital
66,761,1,bulutangkis
67,2101,1,bulutangkis bulu
68,2067,1,bulutangkis fajar rian lolos empat final tang perang saudara lawan junior pramudya kusumawardana yeremia rambitan babak indonesia masters kamis
69,1990,0,bulutangkis futsal gak ya tgl urun sewa lapang
70,1468,1,bulutangkis gituu
71,1356,0,bulutangkis indonesia mendung rombak pbsi sih dr penting politik indonesiamasters
72,2318,0,bulutangkis indonesia prestasi federasi nya tum apresiasi atlet latih official keras raih prestasi
73,1147,0,bulutangkis indonesia rehat main cmn ngandelin minions depan prestasi cmn segitu segitu aja
74,779,0,bulutangkis kalo gk lirik nang
75,657,0,bulutangkis kasti
76,2481,0,bulutangkis main indonesia emang ga obat tonton full dukung full eeeaaa daihatsuindonesiamasters
77,512,1,bulutangkis racket alat bulutangkis
78,574,0,bulutangkis si bule dibontang banting orang
79,920,1,bulutangkis sih langgan nyangkut genteng gaada yg ngambil nunggu angin biar kok jatoh
80,930,1,bulutangkis sih yg mesti nyangsang
81,2366,1,bulutangkis tayang jam brp eiike sibuk bingit
82,661,1,bulutangkis tenis meja
83,1198,0,bulutangkis udah olahraga seleb kurun atlet pacar seleb anak konglomerat ehe
84,69,0,bulutangkis usia karir bulutangkisnya apri pasang happy retirement kak
85,31,0,bulutangkis wakanda prestasi tum federasi rendah hati sepakbola wakanda pres
86,49,0,bulutangkis wakanda prestasi tum federasi rendah hati sepakbola wakanda prestasi tum federasi caper
87,2436,1,bulutangkis wkwkwk
88,1180,0,buset jaehyuuunn gw tinggal nonton bulutangkis bentar woi
89,2379,1,camat gondangrejo bakdo harsono s stp sambut dukung langsung bupati karanganyar tingkat motivasi main bulutangkis prestasi
90,2378,0,camat gondangrejo simpan bibit unggul atlet bulutangkis lantik urus pbsi kec gondangrejo harap kembang bibit unggul bulutangkis camat gondangrejo
91,2262,0,cape wey nonton bulutangkis
92,733,0,capek bgt ama main bulutangkis jd chef
93,2433,0,cari partner ngopi prefer ketemu kafe aja nugas bareng udah pacar gw but kek gak pacar prefer suka anak feb wkwk canda eh suka bulutangkis ngondek welcome teman st gw yg cowok cewek mlati area gw btw
94,2002,0,cek baju bulutangkis baju badminton premium import mz harga rp dapat shopee
95,2079,0,cerita hidup pribadi atlet bulutangkis masalah hidup kait dunia bulutangkis pikir cerita ga wow ya
96,419,0,cerrybelle main bulutangkis
97,788,0,china tetap chinaolimpiade emas bulutangkis kayak tinggal metikjarang ngirim wakil bwf tour krn bijak karantina tp sekali ngirim hasil gak maen maen
98,64,0,cinta bulutangkis gak bikin nyerah teman angkat maria kristin adrianti firdasari pia zebadiah bellaetrix manuputty yg putus pensiun bulutangkis greysia polii konsisten main
99,188,1,cinta bulutangkis ka terima kasih jatuh bangun nya happy retirement legend terimakasihgreysiapolii
100,990,0,ciri khas ndasmu normalisasi yg ngikutin ngeboo match lupa denmark open kemarin main denmark turun citra bulutangkis rusak normalisasi biasa yg salah
101,1095,1,cita ken banget lihat tanding bulutangkis istora kalo gak langsung kek seru
102,2029,1,coach son main bulutangkis
103,813,0,coba cek deh hi-qua leggera sepatu bulutangkis badminton olahraga super ringan putih rp toko hi-qua original shop tokopedia bebas ongkir lho
104,843,0,coba loe lihat bulutangkis singgung dgn otomotif main pakai daihatsu
105,2417,0,comeback wayv ten berita ikut juara bulutangkis tingkat rt
106,841,0,contoh barusan axelsen tinggal ginting game kek bbrp menit tp komentator nya bilang yg kayak woahh banget mon maap bulutangkis sistem rally point point tinggal point aja susul
107,724,0,ctc selebrasi asa nontonin konser bulutangkis dar tanding happy liat
108,2286,0,cuman emg pens plastik siti dlu hadir kali ga paham konflik asli jual suarez mngkin dlu pens bulutangkis
109,1081,1,cuti bulutangkis
110,1421,0,dah bucin cowok korea biar gak galau kangen cowok bulutangkis
111,672,1,daihatsu indonesia master bulutangkis ganda putra daihatsuindonesiamaster bulutangkisdim leonheartsql dim
112,773,0,dana apbn sepakbola mending alih futsal volly basket bulutangkis bukti prestasi nya dripada mubazir olahraga penuh drama
113,1372,1,data rekor temu ginting vs lee zii jia prediksi alot sengit bulutangkis
114,798,1,deg degan nonton bulutangkis
115,696,1,deh kalo liat tayanagan ulang main bulutangkis matchnya suka jinx gitu gak sengaja liat match ulang minions ginting bener kalah td berdosaa huhu
116,1089,0,dgn kerja keras capai tujuh wajar fajar rian apresiasi masyarakat krn bicara bulutangkis nasional bicara denyut nadi rakyat indonesia fajar rian paham
117,795,1,diam hiatus gerak atlet bulutangkis
118,1012,0,dinamis pagi tolak dighosting ojol siang ngebersihin kutu kucing nonton spy x family sore main bulutangkis malem tabrak motor
119,1197,0,dips ada main bulutangkis join
120,1234,0,dirga nina dirga duduk nonton nonton mai duduk dirga pegang pistol dirga tembak om chico om chico om ginting kau tembak om chico ka dirga nina nonton bulutangkis to
121,2100,0,disamain bulutangkis
122,525,1,dn e main bulutangkis
123,1396,0,doi main bulutangkis si botak wajar
124,162,0,dona agnesia sempet salah bilang legenda bulutangkis nyeplos legenda sepak bulu tangkis
125,864,1,dream come true nntn bulutangkis istora langsunh
126,336,1,drop idola pertama putus gantung raket makasih prestasi memori tim bulutangkis indonesia kak ilysm
127,973,0,duga racun makan hotel atlet bulutangkis indonesia master rs
128,1987,1,dukung juang pebulutangkis baik indonesia juara saksi besok daihatsu indonesia masters
129,2160,1,dukung juang pebulutangkis baik indonesia juara saksi besok daihatsu indonesia masters empat final juni wib live inews mnctv inews bwf mnctv badminton sports bulutangkis indonesiamasters indonesia juara
130,850,1,duluan yg ngajak bulutangkis foto studio eh keduluan wkwk
131,2386,0,dunia damai blackberry nama buah smash jenis pukul dlm bulutangkis
132,209,1,duta sahabat bulutangkis
133,2313,0,eh nonton bulutangkis mana ya
134,1232,0,ehh bom nontooon mantengin bulutangkis ga sempet seru ga wull
135,2139,0,ehh lucuu bgt eyang ti main rumah trus crita nyambung ngomongin bulutangkis trus eyang kae loh sing sok masuk tv sukasuka ginting nangiss bgtt
136,2047,0,eitss nyampe bpp dinas bulutangkis hari nyusul paaakkk skalian hirup bau mall
137,758,0,emang bulutangkis ni gaboleh tonton biar ga kalah mulu
138,2374,1,emang kak maaf ga ngikutin bulutangkis ga ngerti
139,1035,0,emang lu bulutangkis
140,876,1,engga nonton bulutangkis
141,1074,0,enthusiast kalo liat doi maen bulutangkis asa nomton pentas liat ekspresi muka yg kocak jarang banget muncul muka
142,1227,1,era pembanguna cepat liat depok jabar periode orba dg kenang orba event olahraga kaya aktifitas henti contoh tinju muhammad ali bulutangkis mike tyson nobar seko kantor
143,1550,0,extratime bulutangkis ya salah follow
144,1067,1,fajar alfian muhammad rian ardianto temu awal laga lawan main malaysia goh sze fei nur izzuddin turnamen badminton indonesia open tonton video pilih klik
145,626,0,fajar rian pasti tiket final indonesia masters
146,937,1,fajar rian tembus semifinal turnamen tanda raih tiket final indonesia masters lengkapcepatberitanya olahraga sport bulutangkis netting badminton
147,889,0,fakta unik indonesia masters nomor tunggu lengkapcepatberitanya olahraga sport bulutangkis netting badminton
148,2458,0,fal suka bulutangkis nggak
149,652,0,fans bola toxic negative chaotic even fans bulutangkis sosmed toxic positive i m gonna say that basketball fans is the most balanced one sisi basket kiblat amerika sports entertainment
150,60,0,federasi basket indonesia bulutangkis deh tum gin gak sih asa vokal gk ngehasilin
151,931,1,federasi bulutangkis
152,1007,0,flash sale grip raket bulutangkis badminton towel grip frasser handuk diskon
153,1011,0,fyp tiktok bulutangkis kangen main bultang
154,2277,0,ga basket bulutangkis hahaha ga heran pssi ga habis drama liat aja history tum nya
155,892,0,ga indonesia maju kali yok maju bulutangkis indonesia
156,2205,0,ga ngikutin bulutangkis indonesia sus sameh wedding agreement pacar main bulutangkis fajar alfian tauuu cocok weh
157,2479,0,ga produsen rokok tarik ngurus kek bulutangkis
158,2354,0,ga suka suka lagiii nonton bulutangkis aja bener
159,2369,0,ga tipu pedih ya baca komen tetangga harap main bulutangkis kandas dim supportive atlet
160,1195,1,gaada tvri ya tau skrg bulutangkis mnc doang
161,1178,0,gaes gocek template cabor belah ya apri fadia emang keren sih yg fakta kalo dua emang ngabisin bulutangkis
162,1997,0,gagal rencana pas asi games fokus kuliah tp ttep nnton bulutangkis mah lancar jaya krn untung dikosan tv mehehee
163,1305,0,gak bagas fikri blg menang lawan teman pas lawan negara kalah mrk juluk bunuh teman cpy mrk gempar dunia bulutangkis dgn sabet gelar all england who knows apa
164,940,0,gak bola plastik bulutangkis layang sandal japit
165,433,1,gak mudah bangkit jadi buruk yg sampe orang ngecap coreng bulutangkis coreng indonesia hasil bukti bangkit greysia polii
166,1262,1,ganda campur indonesia singkir empat final indonesia masters
167,881,1,ganda putri masuk final salah ganda kuat dunia selamat indonesiamasters badmintonindonesia bulutangkis daihatsuindonesiamasters bisikbisikgelora
168,647,0,gausah ngurus bola ga prestasi udah bulutangkis basket aja
169,2362,0,gbk acara apas yg bulutangkis dips
170,503,0,gemes banget liat sahabat atlet bulutangkis
171,698,1,generasi main bulutangkis mesti pasang negeri
172,791,0,giat buka lomba bulutangkis gor wijaya jl brigjen katamso rangka hut th wakapolres by hum
173,980,0,giat kapolres takalar laksana buka juara bulutangkis kapolres cup intern polres takalar lapang bulutangkis gedung juang takalar
174,1055,0,giat kapolres takalar laksana buka juara bulutangkis kapolres cup intern polres takalar tempat lapang bulutangkis gedung juang takalar
175,702,0,gimana mnc tv kapok siar bulutangkis jam menit
176,934,0,ginting keri raja bulutangkis korban istora
177,1938,0,gk kpopers klo gk suka bulutangkis kwkwkwkw tuh lyd bbf sinar trus sih kimbum kilas atlit lyd jdinya ku poin drama udh gtu poin ss krna salah membernya yg jihoo trus rembet deh suka sj dll wkwkwkkw
178,971,0,gk malu liat prestasi basket futsal bulutangkis maju yg dukung olahraga bnyk jalan tempat ayo sd sampe pny anak bgni trs
179,2092,1,gregoria mariska tumbang ratu bulutangkis kaya
180,2377,1,gregoria mariska tunjung laju indonesia masters bolaskorcom indonesiamasters bulutangkis
181,135,1,greysia polii darah bulutangkis bulutangkis kontribusi olahraga indonesi
182,492,1,greysia polii darah bulutangkis bulutangkis kontribusi olahraga indonesia bulutangkis besar layan terimakasihgreysiapolii
183,18,1,greysia polii jatuh bangun laga pamungkas momen gantung raket bulutangkis juara olimpiade tokyo main laga ekshibisi
184,341,1,greysia polii kenang manis bulutangkis indonesia terimakasih ka indah
185,913,1,greysia polii legenda prestasi breakthrough non-teknis wajah bulutangkis kelas public speaking skill positive vibes leadershipnya ga twit terima kasih
186,30,1,greysia polii menang umum pensiun atlet janji tinggal bulutangkis sumber wartakota terimakasihgreysiapolii ginting thread
187,443,1,greysia polii pensiun bulutangkis pesan pisah apriyani rahayu
188,26,1,greysia polii putus gantung raket dekade main atlet bulutangkis
189,310,1,greysia polii resmi pensiun atlet bulu tangkis lengkapcepatberitanya olahraga sport bulutangkis netting badminton
190,4,1,greysia polii resmi umum pensiun bulutangkis
191,42,1,greysia polii resmi umum pensiun bulutangkis link
192,29,1,greysia polii resmi umum pensiun bulutangkis minggu
193,28,1,greysia polii sedih menang umum undur atlet bulutangkis
194,958,0,grip bulutangkis badminton yonex karet tipis acex
195,1263,0,gua emosional bgt dah nntn bulutangkis pasang ganda putri nang mulu kereennn tonton suportif bgttt
196,2316,0,gua kaget tang takut anak gua main boneka raket bulutangkis
197,651,0,gua olahraga rakyat olahraga kelas tengah dimainin gang wajar kalo bultang boo psywar ringan kelas ya nonton tenis anda bulutangkis kaya tenis magis ilang
198,2261,1,gue bangga team bulutangkis
199,303,0,gue kali suka badminton ya gara gara nonton match dua sf asi games ngeliat foto gue ga
200,312,0,gue kali suka badminton ya gara gara nonton match dua sf asi games ngeliat foto gue gabisa nahan nang kejer banget makasih banget ka greys ka titun udah bikin gue suka bulutangkis
201,2147,0,gue tu takut aja gitu yg ngejulidin gue gegara bulutangkis ni gue tu neng aja gitu nonton tanding gin ya emang atlet yg gue tau tu ga gitu lho ya bilang bl jiga si
202,851,0,gw main basket and main bulutangkis bareng mark
203,2409,0,habisin main ken smash minimal jd maen offensive bulutangkis point smash main lawan nyangkut net jg hitung point
204,970,1,hadap wakil china semifinal indonesia masters taktik jitu fajar alf muhammad rian lengkapcepatberitanya olahraga sport bulutangkis netting badminton
205,831,0,hadeeh kena mental bok ijo gak coba bikin program sport psikiater utk main gak nih mental gampang goyah main main min jgn bilang gak uang ya klo bulutangkis mah djarum group kapal api group klo emang dana
206,665,0,hahaha bulutangkis uki upaya main netting optimis dpt poin eh gataunya smash jidat
207,998,0,hahahaha jaman gw djarum sponsorin bulutangkis lo pikir dah atlit ngrokok gak
208,2296,0,hai hai hai sobat sports up close kartika episode kali datang mantan atlet bulutangkis tunggal putri indonesia lilik sudarwati indihometv useesports homeoffpremiumsports sports badminton bulutangkis blovers indihomejaktim
209,922,1,hajar korsel monster bulutangkis dunia final indonesia masters
210,2343,1,hajar the minions pasang ganda prancis indonesia milik tonton baik dunia bulu tangkis terima kasih istora badminton badmintonworldfederationbwf bulutangkis
211,2264,1,hakim garis ngantuk indonesia masters tunggal putra denmark protes lengkap klik taut infoolahraga indonesiamasters hakimgaris bulutangkis
212,1189,0,hall of fame bwf harga federasi bulutangkis dunia bwf atlet prestasi kare
213,2015,0,hall of fame bwf harga federasi bulutangkis dunia bwf atlet prestasi pengaruh dunia bulutangkis
214,2442,1,hallo fitizen tanggal juni bkom bandung buka jadwal malam layan latih fisik basket bulutangkis jadwal latih fisik basket bulutangkis laku salam sehat bugar produktif
215,2391,0,hallo sobat sports up close datang mantan atlet bulutangkis tunggal putri indonesia lilik sudarwati lupa nonton ya aktivitastanpabatas indihomembois internetnyaindonesia
216,1082,0,halo sahabatbahasa sahabatdikbud padan istilah forehand backhand pert
217,2183,0,halo sahabatbahasa sahabatdikbud padan istilah forehand backhand tanya sahabatbahasa sahabatdikbud raja pungkur bulutangkis indonesia kamiskamus merdekabelajar
218,2166,0,halooo kak asyiii lumayan pagi main bulutangkis main kucing taman gimana
219,35,1,happy retirement and thank you ka gel lwt ka gel gue suka bulutangkis makasiihhh ka gel sukses mana sehat terimakasihgreysiapolii
220,276,1,happy retirement day kak greysia polii terima kasih prestasi kau toreh dunia bulutangkis indonesia indonesia bangga testimonialdaygreysiapolii terimakasihgreysiapolii thankyougreysiapolii indonesiamasters
221,278,1,happy retirement gold medalist terimakasih utk dedikasi dunia bulutangkis
222,246,1,happy retirement greysia polii terima kasih kak juang korban prestasi dedikasi utk bulutangkis indonesia salah legend pahlawan olahraga indonesia selamat nikmat dgn keluarga terimakasihgreysiapolii
223,172,1,happy retirement ka ge terima kasih dedikasi bulutangkis indonesia thank you for gold medal olympic tokyo womens doubles with apri indonesia proud of you
224,325,1,happy retirement ka gel terimakasih juang dedikasi kakak bulutangkis indonesia sukses mana kakak and we love you kak terimakasihgreysiapolii
225,129,1,happy retirement ka greys terima kasih dedikasi bulutangkis indonesia jasa jasa mu ku kenang terima kasih kenang kak ge thank you legend
226,338,1,happy retirement ka greys terimakasih jasa bulutangkis indonesia terimakasihgreysiapolii
227,259,1,happy retirement kak ge terima kasih dedikasi prestasi bulutangkis indonesia ganda putri selamat keluarga kak sehat bahagia terimakasihgreysiapolii
228,61,1,happy retirement kak ge terimakasih dedikasi bulutangkis indonesia terimakasihgreysiapolii
229,106,1,happy retirement kak ge terimakasih dedikasi nya bulutangkis indonesia wish you all the best for your future thankyougreysiapolii
230,83,1,happy retirement kak gee terimakasih juang dedikasi bulutangkis indonesia terima
231,214,1,happy retirement kak gee terimakasih juang dedikasi bulutangkis indonesia terimakasih prestasi yg engkau bangsa indonesia moga sukses bahagia trs kak thankyougreysiapolii terimakasihgreysiapolii
232,289,1,happy retirement kak gel terima kasih hias helat bulutangkis dunia terima kasih kiprah indonesia terima kasih udah role model once again happy retirement greysia polii thankyougreysiapolii
233,203,1,happy retirement kak gel terima kasih warna dunia bulutangkis indonesia terima kasih indonesia ganda perempuan indonesia terimakasihgreysiapolii
234,316,1,happy retirement kak terima kasih kak greysia polii cinta korban juang kontribusi dedikasi prestasi bulutangkis indonesia dunia you re legend terimakasihgreysiapolii greysiapolii testimonialdaygreysiapolii
235,250,1,happy retirement kak terimakasih dedikasi bulutangkis indonesia dunia terimakasih jd role model inspirasi yg sukses ya kak depan terimakasihgreysiapolii
236,256,1,happy retirement kak terimakasih dedikasi kakak dunia bulutangkis bangsa negara cinta badminton jasa kenang kak moga sukses happy terimakasihgreysiapolii
237,340,1,happy retirement kak terimakasih juang bulutangkis indonesia selamat rumah kumpul keluarga thankyougreysiapolii
238,554,1,happy retirement ketutt moga karir bulutangkis cemerlang yaa
239,56,1,happy retirement terima kasih greysia polii karya prestasi baik dunia bulutangkis indonesia doa baik luar moga sukses bahagia terimakasihgreysiapolii greysiapoliitestimonialday
240,252,1,happyretirementkagee sngt ska skli dunia bulutangkis sjk ku kcl dikenalin dunia bulutangkis sma mma ku sejak smpsmk smpi skrng sngt ska skli prmainan ka gee partner ka gee wkt tnding mama ku nntn retarement ka gee aer mata ku kluar sht sllu ka ge
241,921,0,harga karpet vinyl lapang bulutangkis indoor
242,111,0,haru atlet bulutangkis yg gantung raket sukses
243,1146,0,hasil badminton indonesia master tempat tim wakil indonesia babak semifinal tonton video pilih klik
244,2280,1,hasil drawing badminton indonesia open tempat duel rekan negara tuan rumah indonesia tonton video pilih klik
245,1028,1,hasil empat final indonesia masters mayoritas wakil tuan rumah menang
246,985,1,hasil indonesia master wakil indonesia tumbang laju semifinal
247,2216,1,hasil indonesia masters ahsan hendra gregoria mariska tunjung henti lengkapcepatberitanya olahraga sport bulutangkis netting badminton
248,1170,1,hasil indonesia masters anthony ginting gasak wakil malaysia ribka febby angkat koper
249,1237,1,hasil indonesia masters anthony ginting minions rebut tiket empat final
250,2450,1,hasil indonesia masters anthony sinisuka ginting kerja keras kalah kunlavut vitidsarn
251,846,1,hasil indonesia masters apri fadia final tantang lawan greyap olimpiade tokyo badminton bulutangkis badmintonindonesia badmintonlovers indonesiamasters indonesiamasters gandaputri aprifadia
252,857,1,hasil indonesia masters apri siti laju final link
253,2431,1,hasil indonesia masters balas anthony ginting praveen melati babak badminton bulutangkis badmintonindonesia badmintonlovers indonesiamasters indonesiamasters ginting kunlavutvitidsarn
254,823,1,hasil indonesia masters bekuk peringkat dunia anthony sinisuka ginting gagal final
255,2463,1,hasil indonesia masters bungkam wakil thailand anthony sinisuka ginting laju lengkapcepatberitanya olahraga sport bulutangkis netting badminton
256,2350,1,hasil indonesia masters chico aura singkir kalah wakil singapura
257,633,1,hasil indonesia masters fajar rian jaga asa indonesia juara sektor ganda putra
258,2331,1,hasil indonesia masters fajar rian tembus empat final bekuk pramudya yeremia
259,1042,1,hasil indonesia masters fajar rian tembus semifinal sikat wakil chinese taipei
260,1037,1,hasil indonesia masters fajri susul minions semifinal wakil merah putih badminton bulutangkis badmintonindonesia badmintonlovers indonesiamasters indonesiamasters fajri fajarrian minions
261,1236,1,hasil indonesia masters gregoria ahsan hendra paksa angkat koper
262,2480,1,hasil indonesia masters kejut jonatan christie gugur lengkapcepatberitanya olahraga sport bulutangkis netting badminton
263,1166,1,hasil indonesia masters kevin marcus tembus semifinal sikat wakil malaysia
264,2285,1,hasil indonesia masters leo dan jegal pasang malaysia babak
265,1084,1,hasil indonesia masters menang mudah lee wang fajar rian rebut tiket semifinal lengkapcepatberitanya olahraga sport bulutangkis netting badminton
266,2270,1,hasil indonesia masters menang wakil thailand anthony ginting marcus kevin tembus perempatfinal lengkapcepatberitanya olahraga sport bulutangkis netting badminton
267,2421,1,hasil indonesia masters mychelle chrystine cedera wakil korea selatan pasti tiket lengkapcepatberitanya olahraga sport bulutangkis netting badminton
268,2314,1,hasil indonesia masters praveen melati gugur apriyani siti laju empat final
269,2435,1,hasil indonesia masters rinov pitha pasti tiket bungkam wakil malaysia lengkapcepatberitanya olahraga sport bulutangkis netting badminton
270,2451,1,hasil indonesia masters shesar hiren rhustavito gugur viktor axelsen lengkapcepatberitanya olahraga sport bulutangkis netting badminton
271,2416,1,hasil indonesia masters viktor axelsen bikin vito daya
272,2482,1,hasil indonesia masters yah jonatan christie jegal zhao junpeng
273,690,1,hasil lengkap semifinal indonesia masters indonesia lolos wakil final lengkapcepatberitanya olahraga sport bulutangkis netting badminton
274,2398,1,hasil lengkap wakil indonesia indonesia masters beda nasib anthony ginting jonatan chrsitie lengkapcepatberitanya olahraga sport bulutangkis netting badminton
275,2091,1,hasil lengkap wakil indonesia indonesia masters marcus kevin fajar rian anthonya ginting laju perempatfinal lengkapcepatberitanya olahraga sport bulutangkis netting badminton
276,1052,1,hasil lengkap wakil indonesia perempatfinal indonesia masters tiket semifinal hasil rebut lengkapcepatberitanya olahraga sport bulutangkis netting badminton
277,648,1,hasil semifinal bulutangkis dim wakil indonesia hasil lolos wakil partai final besok
278,697,1,hasil semifinal indonesia masters hajar wakil china fajar rian tembus final lengkapcepatberitanya olahraga sport bulutangkis netting badminton
279,829,1,hasil semifinal indonesia masters kalah viktor axelsen anthony sinisuka ginting gugur lengkapcepatberitanya olahraga sport bulutangkis netting badminton
280,785,1,hasil semifinal indonesia masters kejut marcus fernaldi gideon kevin sanjaya sukamuljo gugur lengkapcepatberitanya olahraga sport bulutangkis netting badminton
281,878,1,hasil semifinal indonesia masters libas wakil malaysia apriyani fadia tembus partai puncak lengkapcepatberitanya olahraga sport bulutangkis netting badminton
282,21,0,hati cinta bulutangkis doa generasi catat prestasi indonesia
283,367,1,hati cinta bulutangkis doa generasi catat prestasi indonesia terimakasihgreysiapolii
284,399,0,hayoo mbak dona legenda mbak bulutangkis mbak bulutangkis
285,632,0,hayu main bulutangkis yg daerah jakbar
286,2408,1,hbis liat bulutangkis skrang liat timnas vs kuwait
287,1333,0,hehehe dah back to reality ga glorifikasi mpe lamaw bgt bilang event formula e kmren kalah ramai ya ama event bulutangkis istora minggu tp aja tuh
288,349,0,henti tanding atlet hati cinta bulutangkis rim
289,371,1,henti tanding atlet hati cinta bulutangkis terimakasihgreysiapolii
290,1124,0,hiks goingtoyouataspeedofkm udah tamat minggu nonton coba ih pen liat park taeyang park taejun pacar main bulutangkis hiks
291,2414,0,hobi gambar gambar hp sih hehe mmmm main bulutangkis aja coba baca buku novel gitu
292,272,0,hostnya conchita caroline stewart henry emang beneran paham bulutangkis nggak dar sportcasters doang pilih valent donna popularitas
293,797,0,hq m f pairing contains warning spoiler oikawa toru x kageyama miwa ngeship oimiwa gimana cerita
294,812,0,hq m f pairing contains warning spoiler oikawa toru x kageyama miwa ngeship oimiwa gimana cerita inspirasi salah scene anime bulutangkis tayang
295,663,0,idam banget deh km maz ga rokok ga vape suka bulutangkis suka olahraga jdi jodoh aja gimana ga maz
296,322,1,idola kak gelsekarang legenda hidup bulutangkis indonesia dunia terimakasihgreysiapolii
297,1018,0,ikut puluh atlet wakil bupati luwu utara buka juara bulutangkis kapolres cup
298,789,0,indahnyakebersamaan yg main bulutangkis bolatangkis sih shuttlecock sebut bola yg pakai main bulutangkis emang udh sono ya
299,2424,1,indonesia catat milik suporter militan turnamen bulutangkis internasional ayal main negeri dampak positif
300,2071,1,indonesia kadang pake vpn amerika nonton bulutangkis eh benua amerika pake vpn indonesia negara tonton sendiri yah wkwkw
301,1059,1,indonesia kalo cetak main bulutangkis kls dunia gampang banget beda dgn sepak bola
302,660,1,indonesia main bulutangkis dunia english comentator giilian clark tertawa bahak lihat atmosfer istora senayan jakartahhh ea ea ea ea
303,41,1,indonesia mantap moga prestasi bulutangkis indonesia pacu semangat orang indonesia sadar bahaya tppu-pt
304,2298,1,indonesia master biar atlet bulutangkis indonesia menang
305,756,1,indonesia masters anthony ginting bongkar rahasia hebat viktor axelsen lengkapcepatberitanya olahraga sport bulutangkis netting badminton
306,2438,1,indonesia masters anthony ginting susah payah lewat babak
307,2321,1,indonesia masters apri fadia raih tiket empat final
308,804,1,indonesia masters apriyani fadia lolos final
309,1122,1,indonesia masters apriyani fadia susah payah semifinal
310,1223,1,indonesia masters apriyani siti semifinal link
311,1203,1,indonesia masters comeback wakil malaysia anthony ginting semifinal
312,2057,1,indonesia masters enam wakil indonesia empat final sektor ganda campur tunggal putra
313,1069,1,indonesia masters fajar rian laju agresif semifinal
314,740,1,indonesia masters ginting bicara sebab kalah axelsen
315,2214,1,indonesia masters gregoria singkir ratu bulutangkis kaya
316,1658,1,indonesia masters indonesia sisa wakil empat final the minions salah satu lengkap klik taut infoolahraga indonesiamasters bulutangkis indonesia
317,707,1,indonesia masters marcus kevin syukur kalah semifinal
318,912,1,indonesia masters peleset zheng siwei tepuk tangan tonton istora senayan lengkapcepatberitanya olahraga sport bulutangkis netting badminton
319,1038,0,indonesia masters respons panitia turnamen duga racun atlet
320,1252,1,indonesia masters rinov pitha singkir ganda campur habis
321,691,1,indonesia masters tekuk wakil tiongkok fajar rian laju final
322,894,0,indonesia masters tembus final kevin sanjaya sukamuljo cetak rekor lengkapcepatberitanya olahraga sport bulutangkis netting badminton
323,834,0,indonesia masters unjung tiket antusias saksi laga layar lebar
324,1057,1,indonesia open gelar badminton indonesia master tonton video pilih klik
325,508,1,indonesia peluang raih gelar turnamen indonesia masters
326,1993,0,inget banget vidi main game bareng kevin gatau kevin main bulutangkis world number one vidi kaget banget pas tau
327,825,0,isi bahan bakar main bulutangkis kerja malam ketoprak lontong bihun ketoprak
328,705,0,istora gelora kuil bulutangkis riuh muka bumi
329,509,1,iya emang bulutangkis nih bangga
330,515,1,iya isi alat bulutangkis isi alat semprot dbd
331,2279,0,iya kak serah usaha aja sih uang djarum yg sponsorin bulutangkis pdhl jual rokok jual raket merespon omong mas yg bilang pertamina gak urus he he
332,1047,0,iya sih teriak teriak liat bulutangkis liat ic kesel
333,2199,0,iyaa miripp pantes aja tuh foto fans sus sameh nonton bulutangkis support ayang lol l ya
334,2044,1,jadwal acara mnc tv jumat juni siar langsung bulutangkis indonesia masters
335,2388,1,jadwal acara mnc tv kamis juni siar langsung bulutangkis indonesia masters
336,107,1,jadwal acara mnc tv minggu juni siar langsung final bulutangkis indonesia masters
337,1013,1,jadwal babak qf dim indonesia hasil lolos wakil sektor lupa besok dukung sa
338,2109,1,jadwal babak qf dim indonesia hasil lolos wakil sektor lupa besok dukung saksi juang atlet indonesia indonesia juara inafo inabminton badmintonindonesia bulutangkis
339,116,1,jadwal final indonesia masters china dominasi apri fadia fajri tantang china badminton bulutangkis badmintonindonesia badmintonlovers indonesiamasters indonesiamasters aprifadia fajarrian
340,944,1,jadwal guna lapang bulutangkis sesuai mahasiswa kecewa fasilitas kampus batas baca lengkap
341,826,1,jadwal main bulutangkis indonesia main kerja lupa
342,548,1,jadwal semi final indonesia masters minggu siti fadia apriyani temu china
343,1090,1,jadwal semifinal badminton indonesia master sabtu juni wib tonton video pilih klik
344,1389,1,jadwal siar langsung empat final indonesia masters link
345,1989,1,jadwal siar langsung indonesia masters
346,52,1,jadwal siar langsung indonesia masters inews mnctv
347,991,1,jadwal siar langsung semifinal indonesia masters live inews mnctv lengkapcepatberitanya olahraga sport bulutangkis netting badminton
348,204,1,jadwal siar langsung wakil indonesia final daihatsu indonesia masters live mnctv lengkapcepatberitanya olahraga sport bulutangkis netting badminton
349,434,1,jadwal tanding final indonesia masters pasang indonesia main tanding
350,2032,1,jadwal wakil indonesia perempatfinal indonesia masters marcus kevin anthony ginting lengkapcepatberitanya olahraga sport bulutangkis netting badminton
351,759,1,jago indonesia cabor bulutangkis henti babak semifinal ayo bangkit minion indonesiamasters indonesiajuara ngistora
352,1056,0,jago nih main bulutangkis
353,98,1,jalan kak gel bulutangkis indonesia happy retirement kak thank you for your dedication and contribution to indonesian badminton history we re always proud of you terimakasihgreysiapolii
354,2361,1,jalin harmonis sama tni-polri gelar bulutangkis mapolres batu
355,2426,0,jarang liat main bulutangkis indonesia kidal
356,1291,0,jarkoman sport club bulutangkis hallo teman chemistry gimana nih kabar semangat yaa kuliah seniora hmk ajak temen-temen tarik bidang olahraga bulutangkis banget nih dateng sport club bulutangkis
357,927,0,jawab agung firman semenjak agung firman jabat ketua pbsi bulutangkis indonesia toreh prestasi yg cemerlang juara thomas cup emas olimpiade ganda putri deret prestasi yg satu
358,827,0,jeda nih fokus bulutangkis
359,942,1,jelang semifinal indonesia masters lee zii jia ingat viktor axelsen cepat anthony ginting lengkapcepatberitanya olahraga sport bulutangkis netting badminton
360,2401,0,jelekin paketum taufik legend hormat main bulutangkis internasional ms indonesia skrg emang mandek banding zaman taufik-sony-simon kayak jago simon santoso banding ms lapis tiga
361,1998,0,jg sempet pikir nnton bulutangkis nya aja gpp gjd volunteer jg tp trus pikir lg harga tiket ya maklum aja anak kosan harga tiket yg segitu kalo dipake makan sm perlu lumayan yaak
362,772,0,jirr mall fx tusut atlet bulutangkis ikut kaga kenal dim
363,2042,0,join ikut main badminton bulutangkis gor daerah pasar minggu sabtu
364,2395,1,jonatan christie sesal singkir babak indonesia masters sebab utama
365,992,0,jorji main cakep banget gak bohong sih emang nyesek main banget uda
366,2260,0,jorji main cakep banget gak bohong sih emang nyesek main banget udah ngotot banget main enjoy banget match tetep gitu ya bahagia bulutangkis ya
367,952,0,jual kaus kaki bulutangkis harga rp dapat shopee
368,1673,0,juang atlet badminton tanah air lanjut penuh gengsi raih prestasi dukung indonesia juara saksi empat final juni wib live inews mnctv inews bwf mnctv badminton sports bulutangkis indonesiamasters indonesia juara champion
369,1199,0,juang atlet badminton tanah air lanjut penuh gengsi raih prestasi dukung indonesia juara saksi p
370,2039,0,juar bulutangkis kapolda jabar cup iii rangka hut bhayangkara
371,400,1,ka greys ni bener duta sahabat bulutangkis dunia ya
372,662,0,kadang sih akun lawak bin ngeselin ala mafia wasit dunia tepok bulu so far akun yg concern bulutangkis kaku interaksi kritik ya erti yg rujak fans main bl kumpul org anti kritik
373,2263,0,kaget denger jeno hah kandangin babi jeno melihara babi pasang muka kaget gak ah ngapain main kelereng ketelen tau main bulutangkis aja gak
374,1106,0,kaget lihat trending chen ku pikir chen jongdae chen main bulutangkis
375,543,1,kai dedikasi hidup harum indonesia dunia internasional bulutangkis jatuh bangun juang kenang terimakasihgreysiapolii kau hati
376,2301,0,kais suka bulutangkis sepakbola gibahin musik
377,323,1,kak ge bilang terimakasih indonesia indonesia berterimakasih juang kak ge bulutangkis welcome home kak ge terimakasihgreysiapolii
378,234,1,kak ge main bulutangkis udah puluh tp kenal kak ge pas olimpiade kak gee i love you pensiun dgn bahagia
379,306,1,kak ge sosok inspirasi orang beliau ajar raih kerja keras pantang serah dedikasi dunia bulutangkis patut apresiasi acung jempol count
380,526,1,kak ge terima kasih dedikasi bulutangkis indonesia dunia terimakasihgreysiapolii
381,226,1,kak ge tetep konsisten atlet liku hasil bawa pulang emas olimpiade catat sejarah bulutangkis indonesia medali emas ganda putri
382,346,1,kak gel kalung bendera merah putih tangis pecah kak terima kasih terima kasih cinta dedikasi bulutangkis indonesia sukses langkah tuhan yesus kati
383,309,1,kak happy retirement bangga banget lihat juang kak greys prestasi tinggal legacy harga thank you kak greys jalan bulutangkis yg sulit tdk serah kenang manis
384,2347,1,kak kalo bandingin tonton bijak jg sih bulutangkis pandang gmn negara tsb tau bulutangkis pride yg tonjol scr prestasi timbang cabor pride tsb ikut nilai fanatisme sendiri tonton
385,279,1,kak nitya terimakasih kak greysia ukir sejarah bulutangkis indonesia
386,821,0,kakaasrsy mo main bulutangkis pake raket nyamuk me main ko ayah kalo rumah nenek smash kepala kakaarsy oke mommy awas kalo mommy belikan eskrim
387,1300,0,kakanwil kemenkumham jateng a yuspahruddin riah pegawai rutan jepara rebut gelar juara juara bulutangkis
388,2194,0,kalah jaemin main bulutangkis jisung chenle jeno mark haechan yes haechan nang sih kek
389,603,1,kalah malaysia apriyani fadia laju final indonesia masters
390,861,1,kalah pasang malaysia apriyani fadia laju final indonesia masters
391,762,1,kalah pasang peringkat dunia minions gagal masuk final
392,384,0,kali kenal bulu tangkis taufik hidayat cita cita main bulutangkis ganda putri greysa pol yg pasang vita marissa time flies so fast terimakasihgreysiapolii
393,81,0,kalo bulutangkis indonesia vs tiongkok
394,2349,0,kalo bulutangkis kasih piala gedhe gin penhargaan individu lemari main bulutangkis indonesia bbrp udah penuh bgt lho yaaa hendra setiawan aja ruang isi medali tok
395,784,0,kalo bulutangkis sih
396,794,0,kalo bulutangkis sii
397,1510,0,kalo dunia bulutangkis om ricky subagja
398,848,0,kalo gak bola plastik bulutangkis yg nyangkut trs gak ngambil suit
399,914,0,kalo hobi olahraga aja kayak bulutangkis dll
400,1191,0,kalo indonesia atlet bulutangkis pacar model aktris ya awokawoawok loveallplay
401,1365,0,kalo kantor iya runningman drakor sih kalo rumah gak aja ntn match bulutangkis
402,2345,0,kalo kota madiun lapang bulutangkis arenawarga vivin dedes main gor wilis bia
403,2348,0,kalo kota madiun lapang bulutangkis arenawarga vivin dedes main gor wilis rebut warga main lapang nya karet wkwk tanding sirnas arenawarga
404,1161,0,kalo pertamina andil olah raga volly soccer futsal wadah bibit bina atlit olah raga nasional pd jarum wadah bina atlet bulutangkis kalo sponsor event olah raga yg populer nasional ya mikir
405,953,0,kalo versi layang bulutangkis
406,2454,0,kaos bulutangkis dewasa timnas indonesia
407,55,1,karir atlet emang kontribusi bulutangkis gak happy retirement kak ge thank you for everything proud of you terimakasihgreysiapolii
408,1311,0,kaya atap rumah gw pas bongkar kaget banget sampe keranjang baju karna rumah pake main bulutangkis
409,314,0,kaya kak gel emg sengaja bikin pisah yg bahagia she s tryin so hard not crying speech thank u kak udh bikin suka sm bulutangkis inget bgt idolain kak gel sd kls smp skrg umur jg tumbuh happy retirement ya kak
410,1164,0,kaya kalo iwan bule ketua pbsi turnamen vc main indo memang vc pa ibul dimasukin schedule hari atlet bulutangkis
411,753,0,kaya tambah umur dikit ya outlet main olahraga banget ajak main futsal main basket main bulutangkis udah engga
412,717,0,kayak ngestan bl indonesia seru banget ya ga paham bulutangkis ga hapal nama main
413,811,0,kc fspmi bekas ikut turnamen bulutangkis gelar polres bekas
414,910,0,kek cabang bulutangkis
415,76,0,keluh kesah anak pb satu bulutangkis wkwkwk
416,950,1,kemaren lomba bulutangkis kalah
417,2115,1,kemarin lumayan rame statistik bulutangkis mas gue kelar bikin statistik versi
418,240,1,kenal yanto suporter legendaris sang komando lapang istora senayan bikin riah indonesia masters lengkapcepatberitanya olahraga sport bulutangkis netting badminton
419,396,1,kenang legenda sepak bulutangkis indonesia maaf ka dona salfok
420,1076,1,kerja keras capai wajar fajar rian apresiasi masyarakat bicara bulutangkis bicara denyut nadi rakyat indonesia fajar rian paham
421,2122,0,kesal hakim garis indonesia masters vittinghus ngantuk ganti lengkapcepatberitanya olahraga sport bulutangkis netting badminton
422,1321,0,ketawa aja mba yg serang si bulutangkis udah kebal caci maki tetangga eh netizen
423,1319,1,kevin marcus hasil lang babak sports bulutangkis badminton badmintonindonesia kevinmarcus
424,1205,1,kevin sanjaya once said nama bulutangkis gak menang yah kalah indonesiamasters
425,1094,0,kevin ttg chemistry ya gak ketawa emang si tahuu still can t get over this one
426,1217,0,kevin urang baheula kr turnamen bulutangkis pgri wkwkwk
427,1152,0,kimtaeri versi bulutangkis
428,2281,1,kit kat happy retirement greysia polii srikandi bulutangkis gudang prestasi halo gensoed kaget ga nih denger kabar kalo greysia polii pensiun let us know your point of view kasih tanggap kolom komentar ya
429,1040,0,kl sy malas nontonnya masmending bulutangkis ato sepak bola mas heheee
430,918,0,klw gwh sie yg gin maen bulutangkis nyangkut genteng trus njir
431,917,1,komang ayu tampil jerman
432,1010,0,komentator bulutangkis gillian clark bocor rahasia tampil prima mengometari pertandin
433,1315,0,laaah formula e banding event bulutangkis istora minggu aja lbh banyak untung event bulutangkis
434,382,1,laga ekshibisi riah testimonial day gresyia polii tai tzu ying jongkolphan kititharakul hendra setiawan lengkapcepatberitanya olahraga sport bulutangkis netting badminton
435,2449,1,laga rinov pitha haningtyas vs chen valeree lapang match rabu juni wib laga tonton video pilih klik
436,984,1,laju semifinal indonesia masters ginting kalah juara all england
437,832,1,lapang bulutangkis minimal axelsen titan denmark
438,760,1,latih bagus pagi putri kusuma wardani terima kasih thanks for a good early session this morn
439,1988,1,latih bagus pagi putri kusuma wardani terima kasih thanks for a good early session this morning putri badminton bulutangkis indonesia istorasenayan
440,1008,1,latih pengaruh lo mbaa bulutangkis liat aja tuh ganda putra tunggal putra india low kean yeah skrng tunggal indah singapur ga rem mbaasemenjak latih si ono jdi rem bner skrng aplg low kean yeah yg skrng
441,335,1,legend gresyapolii bulutangkis badminton terimakasihgreysiapolii
442,342,1,legenda bulutangkis indonesia greysiapoliitestimonialday trimakasihgreysiapolii
443,365,1,legenda sepak bulutangkis indonesia
444,2275,0,lg nntn bulutangkis nie btw wiih ngepak maw kmanaa
445,522,1,liat live farewellnya gracesia polly dri udah merinding disko thank you grace juang jatuh bangun dunia bulutangkis tutup karis sbg atlit karir cipta the next you
446,2333,0,liat prestasi sepakbola bulutangkis indonesia kayak banding balik gitu wkwk
447,2358,0,liat replynya yg pesimis eh tau menang wkwkwwk ga bola ga bulutangkis kalo yg pesimis aja kejut
448,606,0,liat youngdae aktor yg seokhoon penthouse tuh ingetnya nama lee youngdae yg marga le
449,670,0,liat youngdae aktor yg seokhoon penthouse tuh ingetnya nama lee youngdae yg marga lee main bulutangkis
450,1357,0,liatin teman nonton siar ulang tanding bulutangkis manfaat jaring internet indihome kantor
451,766,0,lihat atlet bulutangkis tanding istora senayan neng bgt gilir cek jadwal timnas indonesia main pagi lawan jordania lemes
452,1241,1,lihat hasil anthony sinisuka ginting vs lee zii jia badminton indonesia master sektor tunggal putra tonton video pilih klik
453,2311,1,lihat hasil anthony sinisuka ginting vs sitthikom thammasin badminton indonesia sektor tunggal putra tonton video pilih klik
454,2304,1,lihat langsung tanding mohammad ahsan hendra setiawan vs kang min hyuk seo seung jae badminton indonesia sektor ganda putra tonton video pilih klik
455,40,0,link live streaming final indonesia masters saksi lengkapcepatberitanya olahraga sport bulutangkis netting badminton
456,2375,0,link live streaming indonesia masters saksi lengkapcepatberitanya olahraga sport bulutangkis netting badminton
457,955,0,link live streaming semifinal indonesia masters saksi lengkapcepatberitanya olahraga sport bulutangkis netting badminton
458,902,0,link streaming court tanggal gaaa daihatsuindonesiamaster indonesiamaster bulutangkis
459,903,0,link streaming nonton bulutangkis gk daihatsuindonesiamaster indonesiamaster
460,1185,1,live badminton indonesia master sektor ganda putra tonton video pilih klik
461,867,1,live skor semifinal badminton indonesia master anthony sinisuka ginting vs viktor axelsen sektor tunggal putra tonton video pilih klik
462,928,1,live sport events partai semifinal bulutangkis indonesia masters kalo beneran cm court dipa
463,929,1,live sport events partai semifinal bulutangkis indonesia masters kalo beneran cm court dipake estimasi match jam kelar jam dinihari timnas kualifikasi piala asia moga indah dukung indonesia
464,897,1,live streaming gratis semifinal indonesia masters tayang link nonton bulutangkis ginting dkk
465,2016,1,live streaming indonesia masters babak empat final wib
466,2135,0,lo nder yg main bulutangkis namaee
467,845,0,loh kean yew chou tien chen ni asli lawak nyamar atlit bulutangkis
468,2371,0,loh yg bikin spesial event bulutangkis indonesia im io dr ya tekan tonton byk main yg stress byk jg yg semangat main
469,2327,0,lohh jd gemar bulutangkis jg
470,987,0,lomba kelas mulai tennis mejabulutangkisvollysepak bolakeroncongpaduan suaradll
471,805,0,love all play nder bgt selesai hikd underated tp seru romcom ttg atlet bulutangkis eps lgsg kasi tau konflik tp konflik tida berat couplenya gemes asli trs main porsi gitu jd ngga fokus pu recommend
472,2428,0,lu nonton bulutangkis badminton nggak sri
473,2486,0,lumyan pulang rumah nntn bulutangkis nntn gintingg gemoyy ceunah
474,1598,0,lupa yah main bulutangkis kaya an se-young
475,803,0,lyodra nyanyi juara dunia bulutangkis junior
476,844,1,lzj main basket kedok bulutangkis
477,2303,1,mabar bulutangkis
478,2405,1,main andal denmark anders antonsen mundur indonesia masters lengkap klik taut infoolahraga indonesiamasters bulutangkis denmark antonsen
479,967,1,main bulutangkis
480,608,1,main bulutangkis indonesia rekening bni
481,865,0,main bulutangkis jam komposisi orang gak capek main asik
482,2267,0,main bulutangkis jaman ga suka atittudenya seo sung jae
483,2269,0,main bulutangkis jaman ga suka attitude seo sung jae
484,808,0,main bulutangkis maksud
485,1019,1,main bulutangkis mnm nya aqua
486,884,0,main bulutangkis net sih
487,874,0,main bulutangkis ngenteni salahe lawanmain catur ngenteni laline lawan itu aja
488,933,0,main malaysia thailand mencret indonesia masters gaduh lengkap klik taut infoolahraga indonesiamasters bulutangkis malaysia thailand
489,2478,1,main top indonesia masters nomor marcus fernaldi gideon kevin sanjaya sukamuljo lengkapcepatberitanya olahraga sport bulutangkis netting badminton
490,887,0,makan tu bulutangkis
491,1034,0,makji ga niat nonton bulutangkis
492,502,0,maksud lw kak gel disuru mimpi bulutangkis
493,709,0,malam minggu nonton bulutangkis dim
494,814,0,malam minggu rumah nonton bulutangkis
495,854,0,malam tonton bulutangkis ya tanding
496,2445,1,malaysia china sih yg main atlet bulutangkis nya china trus yg main melayu cabang china istora indonesiamasters malaysia
497,2483,0,mam baca materi nonton bulutangkis ka pit gi apah
498,775,0,manusia layak hidup mbak suka ngehujat ga layak ngaku fans bulutangkis
499,780,1,manusia woyyy tolonggglahhh lu pikir robot gitu yg nama bulutangkis ga menang ya kalah kevinsanjaya
500,1224,1,marcus fernaldi gideon kevin sanjaya sukamuljo vs goh sze fei nur izzuddin tarung badminton indonesia master sektor ganda putra tonton video pilih klik
501,2419,1,mari live score bulutangkis
502,966,0,marketing nya ngak ajar produk djarum lha branding rokok sponsorship utama bulutangkis gmn ngeles ya kalimat rumus rumit org yg minim literasi mudah gampang bodoh
503,2380,1,maryono banggan bulutangkis camat gondangrejo hitung
504,2257,1,mas ainur bahas bulutangkis prancis main prancis yg rangkak level dunia
505,2462,0,mas artikel
506,1387,0,masak iya gacor gin bilang main bulutangkis
507,236,1,mbrebes mil emas tokyo terimakasihgreysiapolii tani tontontan bulutangkis sd
508,393,0,mc nya ganti bl gaaak wkwk ngomongnya aja sepak bulutangkis wkwkwk
509,2320,0,melibulutangkis kerja
510,269,1,merinding bangettt event nangisin momen farewell event ci butet bikin mewek kak ge terima kasih dedikasi juang semangat bulutangkis indonesia kak terimakasihgreysiapolii
511,504,0,mimpi bulutangkis haahaahaahaa
512,899,0,minggu ga tegur sapa krn yg ga erti anak bilang pi eyang
513,907,0,minggu ga tegur sapa krn yg ga erti anak bilang pi eyang obat susah bab rumah bawain supositoria pas nyampe nonton bulutangkis tv awkward moment
514,1105,0,minggu jam pagi dewa sport lapang bulutangkis
515,713,1,minions kalah semifinal indonesia masters marcus
516,639,0,minions sesal kalah semifinal indonesia masters
517,10,1,momen yg bikin banggadapat gold olimpiade tokyo greysia bareng apri cetak sejarah bulutangkis indonesia terimakasihgreys
518,301,1,momen yg bikin banggadapat gold olimpiade tokyo greysia bareng apri cetak sejarah bulutangkis indonesia terimakasihgreysiapolii
519,27,1,mundur atlet tinggal bulutangkis greysia polii
520,721,1,musuh utama rian service indonesiamasters badmintonindonesia badminton bulutangkis
521,2494,0,nama bado-nyan daihatsuindonesiamasters kucing suka bulutangkis
522,266,1,nang banget pas luk mama nya apri coach eng hian happy retirement terima
523,284,1,nang banget pas luk mama nya apri coach eng hian happy retirement terima kasih harum nama indonesia selamat keluarga alir bulutangkis darah terimakasihgreysiapolii
524,350,1,nang banget terimakasih greysia polii dedikasi bulutangkis bangsa sukses terimakasihgreysiapolii
525,768,0,naya atlet muda bulutangkis bakat hamil temu jawab vidio original series virgin
526,2306,0,negara mana bola agung duit gelontor sana dapet juara aja jarang ba
527,2307,1,negara mana bola agung duit gelontor sana dapet juara aja jarang kelas seagames yg liat kalah thai dhlah gw ngerendahin kek yg cocok bangga banget tuh bulutangkis buat
528,1187,1,negeri eropa tonton bulutangkis tertib rapi elegan sungguh kelas citra negara maju
529,125,1,neng kak ge pensiun saat udah raih medali olimpiade capai kenang sampe tahun makasih lho udah juang bulutangkis indonesia you rock at it
530,943,1,ngeri ginting jumpa raja bulutangkis semifinal indonesia masters
531,1495,0,nnton f gw vidio nonton nba trus match bulutangkis nntonin series biar ga nolep bngt kos
532,2477,0,no pas djar m ngurus bukutangkis bulutangkis ngesot
533,771,0,nongkrong qq liat atlet bulutangkis
534,2299,1,nonton badminton indonesia master gregoria mariska tunjung vs pusarla v sindhu sektor tunggal putri tonton video pilih klik
535,2294,1,nonton badminton with mamaq ehh muka polos ktnya ayu tingting main bulutangkis skrng maksud antoni s ginting indonesiamasterssuper
536,715,1,nonton bulutangkis
537,885,1,nonton bulutangkis ae min seruuu ina vs malaysia neh
538,2258,0,nonton bulutangkis ayah sekrng lgi ga rumah sepiii bangettt
539,767,0,nonton bulutangkis buna
540,755,0,nonton bulutangkis ci
541,1386,1,nonton bulutangkis indonesia main
542,520,1,nonton bulutangkis istora pandemi so sad taun ga ngistora taun ga absen nonton
543,2224,1,nonton bulutangkis langsung seru kek nyaa ken istoraaa
544,706,1,nonton bulutangkis seru banget plis
545,891,1,nonton bulutangkis tuh hilang tambah stress
546,871,1,nonton bulutangkis x tonton bulutangkis alias tidur dlm tv nyala bangun udah selesai
547,1837,1,nonton indonesia masters pegang tiket simak
548,2116,0,nonton punggawa bulutangkis pilih pilih kaos pekan yuk kaos traveler
549,2330,0,nonton punggawa bulutangkis pilih pilih kaos pekan yuk kaos traveler rb size s-xxl promo beli gratis ikat rajut cangkir cantik mesan wa romstore cc
550,765,0,nonton rkj nonton tv bulutangkis nih kak shani
551,2322,1,nonton sabar karyaman gutama moh reza pahlevi isfahani vs goh sze fei nur izzuddin badminton indonesia master tonton video pilih klik
552,421,1,nonton testimonial day greysia polii haru parah diplay video flash back jaman aktif main bulutangkis terimakasihgreysiapolii
553,2403,1,nonton timnas bikin jantung gin ya bulutangkis sepakbola timnasday afcasiancupqualifiers indonesiamasters
554,835,1,nontong bulutangkis min
555,769,0,nunjukin aja kalo olahraga kalo main kandang suporter gila passionate mentok main bulutangkis tuh ga jago kandang doang ya siksa kaya gin doang mah jumput bumbu saing doang
556,2038,0,nya bulutangkis bawa kpop miris gak
557,1051,0,nyari layar tancep ntn bulutangkis
558,2432,0,nyari sepatu bulutangkis yg size harga nya masuk kantong susah
559,1196,0,nyimak mending main bulutangkis iklan sampoerna amild how long can you go
560,898,0,obat minum yak ya bulutangkis live ya korea selatan lawan l
561,906,0,obat minum yak ya bulutangkis live ya korea selatan lawan lawan sing melu orang tua lucu nyebelin yak orang tua twitter sila reply
562,1717,0,oh oppa bulutangkis
563,2352,0,oiya ya hooh ihhh masak kemarin kalo netizen gak koar bonus gabakal kasih nih kemaren menang tc aja langsung apresiasi gede an badminton gak kenal negara loh keinget kalimat pbsi yg negara bulutangkis
564,640,0,oke aja nasib timnas gesss sepak bola main ga jelek kalah bulutangkis main bagus kalah apes emang kalender aja wkwkwkwk
565,2290,0,olahraga bulutangkis konsep gak asik kalo gak tegang
566,216,1,olimpiade tokyo yg berkarir greysia polii resmi umum pensiun atlet istora senayan jakarta talk amat bulu tangkis yg pimred majalah bulutangkis daryadi
567,1058,0,om hans pensiun atlet bulutangkis coba buka warkop warmindo denmark suka
568,2152,1,oma gill kasih wawas unik detail bulutangkis cuman turnamen ms beda negara babak qf
569,880,0,onde mande udah kayak bulutangkis nyari apri
570,941,0,orang indonesia cocok main bulutangkis coach wkwkwk
571,888,0,orang main bulutangkis rokok
572,518,1,orang masa orang terima kasih dedikasi bulutangkis indonesia happy retirement terimakasihgreysiapolii
573,754,0,orang singgung didengerin nihil gw mang ngga singgung tuh gw islam ngga singgung tuh k
574,786,0,orang singgung didengerin nihil gw mang ngga singgung tuh gw islam ngga singgung tuh katenye asa manusia valid ngiahahahha gw pikir ganda campur cabang bulutangkis
575,1266,0,orang tanding bulutangkis nd kencing ka
576,2381,0,orang yg nonton istora nonton bulutangkis nonton main bulutangkis ganti baju
577,810,0,otw istora emang tiket kagak nonton bulutangkis luar istora aja layar tancep jemput adek
578,437,1,our living legend greysia polii terimakasih dedikasi bulutangkis indonesia lika-likunya gue bocil buset legend banget ci greysia terimakasihgreysiapolli
579,969,0,owh sepakbola agama boskuwh agama tiga d indon ya bulutangkis
580,2446,0,panas nonton bulutangkis senam jantung kualifikasi piala asia
581,2305,0,pandu amat siar langsung bulutangkis ngga ngobrol dehh liat tu lapang bulutangkis
582,806,0,pantau
583,295,0,pas og gue yg msh awam bgt badmin cm tau kak gel minions sm kojeng betapa indah kari
584,318,0,pas og gue yg msh awam bgt badmin cm tau kak gel minions sm kojeng betapa indah karir kak gel sampe yg ikut bangga liat apri dapet emas jatuh cinta sm bulutangkis thankyougreysiapolii
585,315,0,pas pecah bngt asli kejer sukses kak ge terimakasih dedikasi dunia bulutangkis
586,2332,1,pasang febby valencia dwijayanti gani ribka sugiarto lawan rekan negara indonesia melani mamahit tryola nadia tonton video pilih klik
587,2329,1,pasang marcus fernaldi gideo kevin sanjaya sukamuljo rebut posisi lawan supak jomkoh kittinupong kedren tonton video pilih klik
588,2098,1,pb jarum main bulutangkis rokok
589,954,1,pb pb satu bulutangkis
590,909,1,pbsi badminton bulutangkis
591,2148,1,pbsi bina klub bulutangkis indonesia pbsi himbauan klub perhati khusus fisik main muas
592,407,1,pecah sorak sorai tonton apri fadia klahkan pasang malay final hri ni unggul china indonesiamasters badminton bulutangkis indonesia jakarta senayan anjirsembakonaikterus
593,305,1,peluk haru greysia polii apriyani rahayu jelang umum pensiun bulutangkis
594,192,1,pensiun dgn bangga karirmu tutup dgn prestasi indonesia olympic gold khawatir tinggal bulutangkis dgn bejuta semangat generas yg terus jejak terimakasihgreysiapolii
595,597,0,pingin banget ea ea ea main bulutangkis predikat ea istora boy im io awesomegeneration bekal galaxya g mp txtbrandsamsung yuk ikut friends
596,925,0,pingin maen bulutangkis ga temen
597,2359,0,pleeett ahh koyok atlet bulutangkis ae golek supporter
598,1110,1,polres banjar polda jabar tempat lapang apel polres banjar kapolres banjar akbp ardiyaningsih s i k
599,836,1,prestasi greysia polii pensiun dunia bulu tangkis dekade nama greysia polii andal tim bulu tangkis indonesia ajang catat karier dunia bulutangkis simak rentet prestasi
600,15,1,pribadi nyoba doang ya pasti syukur cr jurnal bulutangkis
601,635,0,pribadi putus utk tdk ikut timnas scr detil kembang krn lingkar mslh aja federasi lbh seru ngikuti bulutangkis siar live seru kalah menang adl greget asa nasionalisme tumbuh situ tonton
602,2355,1,puas nonton bulutangkis sampe minggu nih
603,559,0,puncak komedi wkwk suami main bulutangkis bareng klub olahraga mantan sempit dunia
604,59,1,puncak menang medali emas olimpiade tokyo gak ubah greysia polii senyum ceria semangat juang cinta bulutangkis negeri
605,99,1,raisa gemar bulutangkis hadir riah acara testimonial day duh indah pagi terimakasi
606,540,1,raisa gemar bulutangkis hadir riah acara testimonial day duh indah pagi terimakasihgreysiapolii
607,535,1,raisa oh gin ya main bulutangkis konsentrasi suara tonton kkwkwkw
608,2447,1,raja bulutangkis keri shesar singkir indonesia masters
609,2291,1,raja bulutangkis ngamuk indonesia masters wakil taiwan korban
610,838,1,rangkul ath tong group an hehe aktivitas minggu rutinkeun deui futsal bulutangkis hehe mun misahkeun beuki sepi ath
611,388,1,rasa bgt kalo istora rumah atlet bulutangkis dunia
612,2336,1,reaksi warga ntt tolak kelompok orang radikal ajak adu bulutangkis hasil tangkis bulu juang demo demo presiden kunjung urung ide safari
613,2050,1,rekap hasil indonesia masters daddies henti wakil empat final badminton bulutangkis badmintonindonesia badmintonlovers indonesiamasters indonesiamasters daddies gandaputra mdina
614,1003,1,rekomen sewa lapang bulutangkis jakbar yg botty lucu canda botty lucu
615,14,1,rekomendasi rs jeffer rs jf sepatu bulutangkis sepatu badminton biru tua rp
616,20,1,rekomendasi sepatu badminton court control pria wanita sepatu bulutangkis court ff biru emas rp
617,656,0,renang doang suka bulutangkis nonton aja main ga
618,999,1,result daihatsu indonesia masters fajri hasil kalah lee wang set langsung semangat tim indonesia have a nice day dim bwf bwfworldtour ranking rank badminton champion winner bwfworldtourfinals bulutangkis juara indonesia player
619,1207,1,result daihatsu indonesia masters what a match ginting hasil kalah lee zii jia rubber set semangat tim indonesia have a nice day dim bwf bwfworldtour ranking rank badminton champion winner bwfworldtourfinals bulutangkis
620,1177,1,result daihatsu indonesia masters what a match minions hasil kalah goh nur rubber set semangat tim indonesia have a nice day dim bwf bwfworldtour ranking rank badminton champion winner bwfworldtourfinals bulutangkis
621,1130,1,ria ea ea ea main indonesia masters tertawa lengkapcepatberitanya olahraga sport bulutangkis netting badminton
622,2344,1,riah hajat bulutangkis akbar yutub gor kampus cinta vindes arenawarga vindess
623,1353,0,rinov mentari jelek banget mai ganda campur utama lemah sejarah bulutangkis indonesia sorry indonesiamaster
624,2396,1,rinov pitha pantang ciut hadap praveen melati indonesia masters lengkapcepatberitanya olahraga sport bulutangkis netting badminton
625,2440,1,rinov pitha singkir wakil malaysia straight game selamat ripit inafo inabminton bulutangkis badmintonindonesia dim
626,2363,1,riuh tonton istora dongkrak semangat calon juara bulutangkis indonesiaopen
627,2125,0,rokok suport giat olahraga bola sma bulutangkis emang pmainya sebag dlu sblom tanding engga
628,79,0,ryu mahawira pramudya bontote vianto wkwk badminton illustration originalcharacter yonex lining bulutangkis
629,757,1,sadar ga sadar tumbuh fans bulutangkis lokal pesat bgt surprisenya fans bulutangkis iris dgn fans kpop industri bulutangkis moga bulutangkis indonesia brazilnya sepakbola tinggal nunggu yg ngulas
630,1113,0,sadis ka long angus korban raja bulutangkis semifinal
631,2288,1,saking nonton yt netflix tv gue nonton tv trus abang gue nelpon ama gue tuh tv pause nonton bulutangkis ganda indonesia vs malaysia yakali gue pause sono
632,2315,1,saksi live hasil marcus fernaldi gideo kevin sanjaya sukamuljo vs supak jomkoh kittinupong kedren tonton video pilih klik
633,859,1,saksi live hasil marcus kevin vs liang wei keng wang chang semifinal badminton indonesia master tonton video pilih klik
634,842,1,saksi live score semifinal badminton indonesia master fajar alfian muhammad rian ardianto vs he ji ting zhou hao tonton video pilih klik
635,1120,1,saksi live skor badminton indonesia master fajar alfian muhammad rian ardianto vs lee wang chi-lin tonton video pilih klik
636,1181,1,salah alas bangga rakyat indonesia atlet bulutangkis toreh prestasi dunia semangat juang
637,1107,1,salah moment lucu bareng anak seunghee frustasi ngajarin hyojung main servis bulutangkis
638,800,1,samaa nobar semifinal bulutangkis gaa btw thank youuu
639,2080,1,sangka sebikin-happy-nya lead couple bikin happy second couplenya hahahaha drama romance pasang atlet bulutangkis beda yaa racket boys bulutangkisnya latar
640,890,1,sapa yg nonton bulutangkis cung
641,2282,1,sayang olahraga indonesia hias ambisi petinggi politik gak sepak bola bulutangkis tennis meja ya
642,2274,1,sby bebss oh waw nonton bulutangkis seru banget
643,2489,1,sdh maksimal kayak batas sj main nya pikir sdh d bulutangkis lg mgkn
644,981,1,sdh mli pbaikan jl bulutangkis arcmanik jl baseball
645,2049,1,sea games cabang bulutangkis good luck apri fadia pramudya yeremia leo daniel go for
646,2411,0,sebab shesar hiren rhustavito kandas viktor axelsen indonesia masters lengkapcepatberitanya olahraga sport bulutangkis netting badminton
647,513,1,sebut alat bulutangkis
648,184,1,sedih banget asa campur aduk bgt penuh emosional terima kasih yg bwt bulutangkis indonesia we love you greysiapoliitestimonialday terimakasihgreysiapolii dim
649,337,1,sedih banget suka bulutangkis pas pandemi trs liat ka ge main pas olimpiade tokyo kemaren eh ka ge udh pensiun ajaa greysiapoliitestimonialday thankyougreysiapolii weloveyou
650,792,0,segitu agam nonton istora cinta bulutangkis kalang kemaren sempet risih denger mas yg duduk ngomongin wd india yg emg cantik bodynya bagus
651,2382,1,sehat do your best doa dukung kawan info lengkap liat tournamentsoftware ya yonathanramlie badminton bulutangkis badmintonindonesia bulutangkisindonesia yramlie fans denmarkic
652,1163,1,sektor badminton indonesia lolos babak semifinal badminton indonesia master sektor tunggal putra nama anthony sinisuka ginting tonton video pilih klik
653,1342,1,sektor ganda campur bulutangkis indonesia miriiisss indonesiamaster
654,2499,1,selamat malam first people mohon maaf info detail laga timnas utk bidang ya sepak bola bulutangkis ya tks myo
655,307,1,selamat pensiun kak ge terimakasih tahun sejarah bulutangkis indonesia you re amazing legend terimakasihgreysiapolli
656,809,1,selasa nonton bulutangkis
657,1168,1,selera sih kalo ku seruu bulutangkis gt
658,2,1,selesai atlet hati bulutangkis indonesia menang menang
659,171,1,selesai atlet hati bulutangkis indonesia menang menang menang bangsa indonesia terimakasihgreysiapolii dedikasi bulutangkis indonesia
660,409,1,selesai main bulutangkis charity lawan bulu tangkis negara lawan greysiapolii lapang seru final badmintonindonesia daihatsuindonesiamasters
661,1325,1,semangat tim bulutangkis indonesia jaya
662,2357,1,senang suasana istora senayan gemuruh suara dukung tonton cinta bulutangkis istora istorasenayan indonesiamasters indonesiamasters indonesia
663,2487,0,sengit ratu bulutangkis kaya laju indonesia masters
664,394,0,sepak bulutangkis indonesia
665,2474,1,sepatu sneakers kasual pria shopee
666,2351,1,serang tajam bikin chico lempar indonesia masters
667,2420,1,seru gak ngistora ngistora nonton main bulutangkis dunia langsung beda emang kalo nonton langsung semangat ruaamenyaa wkwkw
668,2427,1,seru nih juang wakil indonesia sepakbola bulutangkis kalo main bareng nonton ngobrol santai bareng paman dika talkslow talk slow
669,2058,1,seru ya cerita saudara setanah-air yg kerap kuyo-kuyo yg jasa tanah nagari alm pk ojong atlet bulutangkis usaha yg kontribusi nyata olahraga sma sit teman kelas ogut
670,956,1,seru ya krang hobi bulutangkis kalo nonton langsung yg tanding indo they still cheer them inti ga ntn negara ntn main
671,988,1,sesumbar viktor axelsen kalah anthony ginting semifinal indonesia masters lengkapcepatberitanya olahraga sport bulutangkis netting badminton
672,1231,1,setujuu spt djarum gak jual raket shuttlecock sponsor bulutangkis pdhl mah kalo rokok paru rusak engap ya pas olahraga sponsorship mah suka yg uang manfaat gak bisnis ya yg tau putus hihihi
673,2308,1,si bulutangkis
674,391,0,sial ngakak sepak bulutangkis
675,1591,1,simpul son jd top skor gol nya hoki main bulutangkis jd top skor aja sdh aib epl m
676,2022,1,simpul son jd top skor gol nya hoki main bulutangkis jd top skor aja sdh aib epl masukkn nominasi lg taruh mana marwah epl
677,2383,1,singkir babak indonesia masters kunlavut vitidsarn anthony ginting main bagus lengkapcepatberitanya olahraga sport bulutangkis netting badminton
678,0,1,sisa malam seru master bulutangkis indonesia dah main abis abis suara aja ampe abis haha
679,2150,0,so far males nontonin bola ya gatau kalo ntar ken nribun comeback feel nya sering nontonin voli bulutangkis sih nontonin latih tanding tarkam sampek timnas gregetan ndiri liat
680,1294,1,son main bulutangkis
681,1149,1,son main bulutangkis si botak
682,2096,1,sore sempat saksi langsung juang atlet bulutangkis tim merah putih gelar indonesia masters istora senayan jakarta juara gelar selasa kemarin juni ikut atlet negara
683,807,1,streaming bulutangkis tv mana lg plis tvnya sabotase nonton bola
684,2434,1,streaming gratis badminton indonesia master sektor ganda campur adnan mychelle vs seo chae tonton video pilih klik
685,634,1,suab mansur buka juara bulutangkis kapolres cup hut bhayangkara
686,932,1,suasana indonesia masters pagi pagi sdh sampai tuk kasih semangat master master bulutangkis indonesia
687,2310,1,sudah antem kawan ayo nonton bulutangkis
688,2283,1,suka bulutangkis ga hyun
689,378,1,suka bulutangkis karna tarik kak greysia polii gaya yg komedi supel gin bner mncuri perhati yg sedih jago era ubercup th sdah pensiun terimakasihgreysiapolii
690,244,1,suka bulutangkis nonton tuc diadadin jakarta sd kak dipasangin meiliana jauhari inget banget suka bulutangkis sempet cita ken atlet wkwkwkw
691,108,1,sukses kak greys jauh bulutangkis ya kak menpora bilang darah greysia polii alir deras bulutangkis bahagia kak greys terimakasihgreysiapolii
692,1995,0,sulit main bulutangkis saing dgn pesepakbola
693,2266,1,sumpah tanding bulutangkis bikin stress ya sampe gak tega liat
694,983,1,susul minions fajar rian laju babak semifinal indonesia masters
695,500,1,sy doa greysia pol mimpi bulutangkis stiap mksd
696,965,1,sy nonton bulutangkis istora msh pakai kursi kayu panitia sedia sholat selasar samping pintu masuk krn yg sholat byk tenda khusus tutup keran khusus utk wudhu
697,2341,1,sy stlh bbrp kli nonton bulutangkis tnyata menang blm menang skrg y lawan yg jg or udh kyk hidup y kdg uji ad kala menang n ad kala kalah klau menang brarti sdh uji kli y
698,893,0,sya faham bola knpa nyangkut kadang bulutangkis yg nyangkut kesana
699,88,1,syukur ngikutin jalan greys dedikasi juang indonesia ga putus idola sayang liliyana kohen destinasi akhir dunia bulutangkis terimakasihgreysiapolii
700,189,1,tahan bas dunia bulutangkis bikin asem asin manis pahit hidup udah makan hari ka ge terima kasih kali lipat balas jasa korban ka ge happy retirement ka geee
701,877,0,tanding bulutangkis mah ngadu ea ea
702,619,1,tanding yg seru semalem lihat semangat atlit bulutangkis menang kalah udah juang
703,900,1,tantang menang lawan peringkat bwf wujud nyata cipta ginting tonton video pilih klik
704,653,1,tembus final indonesia masters ganda china liang weikeng wang chang putus menang untun marcus kevin istora senayan lengkapcepatberitanya olahraga sport bulutangkis netting badminton
705,2230,0,temen gue udah pda gendong anak nikah honeymoon gue rumah momong kucing nangisin bulutangkis muluu
706,959,1,tempat bulutangkis dah nyapa
707,1852,1,temu ginting hasil gulung lii zee jia menang kali kalah indonesiamaster ginting jamtayangginting siaranlangsungginting badminton bulutangkis
708,2284,1,tenis meja sampe dualisme urus level pon ga tanding klo bulutangkis lbh sponsor uang hadiah yg terima main
709,870,1,tennis bulutangkis emg beda culture tennis gede eropa amrik lu nonton super series macem all england tau kalai sana sepi rame abis poin aja series yg main asia trutama istora ya berisik
710,264,1,terima kasih dedikasi bidang bulutangkis kak ge gak lupa happy retirement moga sehat terimakasihgreysiapolii
711,228,1,terima kasih greysia polii dedikasi bulutangkis indonesia happy retirement kak gel
712,313,1,terima kasih greysia polii juang semangat prestasi dedikasi cinta bulutangkis indonesia selamat rumah kak moga cita tunda wujud legenda bulutangkis indonesia pahlawan terimakasihgreysiapolii
713,546,1,terima kasih ka ge utk prestasi nya bangga banget cinta bulutangkis living legend happy retirement ka ge thankyougreysiapolii
714,274,1,terima kasih kak dedikasi bulutangkis indonesia we so proud of you terimakasihgreysiapolii
715,126,1,terima kasih kak dedikasi bulutangkis indonesia we so proud of you terimakasihgreysiapolii ht
716,8,1,terima kasih kak ge kerja keras berkarir dunia bulutangkis lewat pahit mani
717,300,1,terima kasih kak ge kerja keras berkarir dunia bulutangkis lewat pahit manis turun jadi motivasi baik juang lupa lanjut terimakasihgreysiapolii
718,220,1,terima kasih kak greys dedikasi dunia bulutangkis moga sukses terimakasihgreysiapolli
719,343,1,terima kasih positif terima kasih kenang manis terima kasih prestasi terima kasih dedikasi dunia bulutangkis indonesia dunia thankyougreysiapolii
720,121,1,terimakasih bejuang thn selamat gantung raket legenda bulutangkis
721,68,1,terimakasih dedikasi bulutangkis indonesia happy retirement greysiapoliitestimonialday terimakasihgreysiapolii thankyougreysiapolii
722,329,1,terimakasih greysia polii dedikasi mu bulutangkis indonesia thankyougreysiapolii greysiapoliitestimonialday
723,262,1,terimakasih ka ge dedikasi bulutangkis indonesia makasih serah london kenang manis tokyo terimakasihgreysiapolii
724,207,1,terimakasih kak dedikasi kak gee bulutangkis indonesia happy retirement terimakasihgreysiapolii
725,380,1,terimakasih prestasi dedikasi korban dunia bulutangkis indonesia greysiapoliitestimonialday
726,435,1,terimakasihgreysiapolii dedikasi utk bulutangkis indonesia happy retirement kak gel
727,376,1,terimakasihgreysiapolii indonesia bangga olimpian raih medali emas hasil lengkap prestasi indonesia nomor cabang bulutangkis
728,423,1,terimakasihgreysiapolii sejarah dunia bulutangkis indonesia
729,320,1,terimakasihgreysiapolii terima kasih dedikasi kak greysia dunia bulutangkis indonesia juang main kontribusi habis alir
730,499,1,testimonial day greysia polii testimonial besar sejarah dunia bulutangkis indonesia
731,501,1,testimonial day greysia poliirasanya kaya mimpi kemaren kak ge bulutangkis eh terimakasih greysia polii pagi udh bikin nang
732,523,1,testimonial day kak thank you juang dedikasi penuh korban bulutangkis indonesia big thank you harga kak greys sembah indonesia bangga
733,191,1,testimonial day seremoni pensiun legenda bulutangkis indonesia greysia polii gelar final indonesia
734,596,1,testimonial day seremoni pensiun legenda bulutangkis indonesia greysia polii gelar final indonesia masters istora senayan jakarta minggu wib link live streaming
735,344,1,thank you kak kasih warna dunia bulutangkis bl smp seru cause you janji ga nang akhir acara pas peluk apri auto pecah huhu
736,2353,1,the minions tanding indonesia masters lengkap klik taut infoolahraga indonesiamasters bulutangkis theminions kevinsanjaya marcusgideon
737,1549,1,they always look unreal for me ya bayangin aja ngikutin bulutangkis bgt dr taun nnton dr tv
738,217,1,thnkyou kak greys warsa dunia bulutangkis warsa pelatnas terima kasih juang utk indonesia bangga saksi jalan hebat proud of you thank you indonesian badminton legend happy retirement terimakasihgreysiapolii
739,366,1,thx gresiapoli prstasi nya utk indonesia kancah internasional sukses utk bulutangkis
740,109,1,tibaka ge umum pensiun dr bulutangkiswalau tau aja ga kuat happy retirement ka ge terimakasihgreysiapolii
741,643,1,tidur bil biar bulutangkis
742,2457,1,tim bulutangkis indonesia toreh prestasi juara italian international selenggara
743,2385,1,tim bulutangkis regu putri kota tangerang sabet emas popda banten dimensi news
744,2365,1,tmn kantor cuti nonton bulutangkis luv bgt
745,1301,1,toko sepi beli ya tonton bulutangkis oppa
746,908,1,tonton bulutangkis erti oppa
747,2469,1,tonton tanding bulutangkis ok
748,1079,1,tp marcus jg sdh skill ajaib dr org tua legenda bulutangkis juara french open brsama alm markis kido atlit sdh hrs trs latih keras ulet klo hasil krn skill tdk kerja keras
749,1046,1,trus hr mleyot bgt main bulutangkis tolong kondisi wang chi-lin lee zi jia loh keanyew sm chou tien chen wkwkw
750,2364,0,tu kreteknya kretek rokok bneran kretek nama daerah lantai garis lapang bulutangkis ya
751,916,1,tugas berat tuntas pasang apriyani rahayu siti fadia silva ramadhanti tembus final tonton video pilih klik
752,945,1,tugas lapas perempuan kelas iia jakarta tugas unit laksana teknis masyarakat kantor wilayah menteri hukum ham dki jakarta latih cabang olahraga bulutangkis jumat sore lapas narkotika jakarta
753,2423,1,tugas ya dek me lumayaaannn knp tumben aja ga nonton bulutangkis me bl
754,1514,1,tunggal puter bulutangkis indonesia nasib mu
755,2271,1,turnamen badminton indonesia open gelar badminton indonesia master tonton video pilih klik
756,816,1,turnamen bulutangkis mars wakil bumi ya sang paduka maharaja baginda lord terminator always win set viktor axelsen
757,1200,1,tv liat i news hp liat mnc tv nonton bulutangkis court langsung wkwk
758,122,1,tv rumah th suka nonton tanding bulutangkis lupa intens ikut bulutangkistapi greysa polli dedikasi greysa polli aku yg muda terimakasihgreysiapolii
759,1088,1,uang ya ken bisnis sih pom bensin gym hall bulutangkis
760,1190,1,udah banget ga lihat sih ya allah nama yg suka pakai atribut heboh nonton bulutangkis sih ya allah lupa nama
761,1339,1,udah jd main bulutangkis
762,1921,0,udah kek bulutangkis aja ganda putra anjay
763,66,1,udah ngikutin bulutangkis sea games thailand ngikutin greysia polii piala uber itu topi unik pakai pas pandu sorak tim uber indonesia main terimakasihgreysiapolii
764,2484,0,udah produsen roko ngurus bulutangkis ya ga produsen rokok tarik ngurus sepakbola biar bagus aja gitu sepakbolanya biar kek bulutangkis
765,853,1,udah stadion ga bulutangkis diteriakin kayak gitu aja kalo lawan teriak aja panas kaum fangirls
766,801,1,udah yha kak wkwkwk ga sempet nonton bulutangkis seru bangettt
767,517,0,udh gak ngerti bulutangkis
768,151,1,umum pensiun deret prestasi ukir greysia polii lengkapcepatberitanya olahraga sport bulutangki
769,239,1,umum pensiun deret prestasi ukir greysia polii lengkapcepatberitanya olahraga sport bulutangkis netting badminton
770,924,1,untung bulutangkis mnctv teman yaa indosiar kalo indosiar nonton youtube pake vpn daahh wkwkwk aman dahh nih si jebret
771,896,1,urus pusat satu bulutangkis indonesia pp pbsi investigasi had
772,1143,1,urus pusat satu bulutangkis indonesia pp pbsi investigasi kabar racun makan alami serta turnamen seri indonesia hotel inap
773,368,1,urus pusat satu bulutangkis indonesia pp pbsi minggu pagi gelar acara pisah gresya pol
774,544,1,urus pusat satu bulutangkis indonesia pp pbsi minggu pagi gelar acara pisah gresya polii pensiun dunia bulutangkis acara tajuk greysia pol testimonial day final indonesia masters rap elshintaweekend
775,327,1,usia pengaruh semangat capai gelar olympic satu tuju tinggi karir bulutangkis terimakasihgreysiapolii
776,1225,1,utk menang moga pahlawan bulutangkis indonesia menang indonesiamaster jumatberkah
777,429,1,valen ngatur suasana kayak pilih ya gin komentator olahraga suruh komentator bulutangkis tau ea ea doang
778,2081,1,video gregoria mariska tumbang ratu bulutangkis kaya
779,2387,1,viktor axelsen girang main istora senayan dukung tonton lawan shesar indonesia masters lengkapcepatberitanya olahraga sport bulutangkis netting badminton
780,822,1,viktor sempurna main bulutangkis
781,1570,1,viral mahasiswa nonton badminton istora skripsi netizen rajin konsisten
782,849,1,vita marissa liliyana natsir greysia polii meiliana jauhari maria kristin generasi main bulutangkis wanita bikin jatuh cinta olahraga tanda angkat sea games thomas uber cup
783,659,1,voli bulutangkis tenis karate
784,94,1,wahhh suhu suhu bulutangkis
785,1027,1,wakil empat semifinal bulutangkis fajar rian mode fokus
786,645,1,wakil tuan rumah final indonesia masters
787,764,0,wangi main tenis suporter bulutangkis suporter voli jepang nyambung ajak ngomong kpop kdrama pinter fisika full effort perhati gw bikin mleyot anjg diem ga si lo jgn perfect perfect ah gw males syng sm lo
788,2035,1,wardah colorfit pas dipake asa ringan ga oksidasi bawa main bulutangkis tetep foundinya
789,961,0,warga dki bangkrut warga dki gak ngerti balap fe warga dki suka sepakbola futsalbulutangkis
790,886,1,weekend event olahraga bola bulutangkis balap voli
791,389,1,welcome to pusat persatuaan bulutangkis greysia polii terimakasihgreysiapolii
792,2030,1,wkwkwk ga maksa banget jga si tp jd tau emang lg bokek abis moto gp rokok djarum aja ga hubung ama sehat tpi sponsorin bulutangkis mulu jd klo ga duit mah bilang aja bokek gitu mas maksud bkn maksa
793,695,1,wkwkwkwk supporter bulutangkis indo sngat ramah tp tdk dgn supporter mobel lejen
794,694,1,wkwkwkwkwkkk nyari cogan jalur bulutangkis
795,506,1,wtb indonesia open day and qf prefer k or vip seat t wtb iop indonesia open bulutangkis badminton
796,2376,1,wtb tiket dim indonesia master day kamis prefer cod istora t wtb tiket daihatsu indonesia master badminton bulutangkis
797,1154,1,wts jual hai jual tiket vip day io tiket dm aja yaaa thank you tolong like retweet yaaa makasih
798,1183,1,wts jual hai jual tiket vip day io tiket dm aja yaaa thank you tolong like retweet yaaa makasihhh indonesiaopen badmintonindonesia evio bulutangkis
799,2064,0,wts jual tiket day quarte empat final daihatsu indonesia master bulutangkis tiket ready vip regular langsung wa tolong langsung wa
800,2138,0,wts want to sell tiket final reguler indonesia master minggu juni opslot kerja dadak dm
801,2155,0,wts want to sell tiket final reguler indonesia master minggu juni opslot kerja dadak dm for more details t wtb wto badminton bulutangkis indonesiamaster
802,2356,0,ya agenda balap kasih balap ngerti buat balap jalan
803,839,0,ya allah dapetin artis kipop gak kalo atlet bulutangkis aja gak kayak loh kean yew gitu buat
804,1245,0,ya allah ribet bener gw sengaja bilang jerman super gw gak nama sponsor turnamen jerman super aja dah ngerti ya turnamen jerman cuman ngadain event bulutangkis doang
805,840,1,ya bener ya tp fokus bgmn sikap tum nggak extra caper kayak yg bulutangkis yg dunia aja ga tau skrg tum
806,270,0,ya buruk laku suporter bola g bawa bulutangkis
807,975,1,ya gin deh biasa bikin stres bulutangkis sekali yg bikin greget bikin stres
808,1253,1,yaallah kalo ud duit pokok mana turnamen bulutangkis situ aminnn no matter what
809,2443,1,yeayy nonton tanding bulutangkis istora jagoin nih indonesiamasters nonton live
810,869,1,yess gel prnh bilang jg klo semangat juang nya bentuk krn tumbuh dgn legenda bulutangkis ina dri nol smpe jdi juara kyk candra tony sigit hendra kido taufik h hendrawannatsir dsb yg waris junior
811,2372,1,yg bilang norak main bulutangkis demen main istora wkwk ya tonton rame gitu
812,2368,0,yg ecek ecek son main bulutangkis mata coach justin ditanggapin yah
813,1204,0,yg hall bulutangkis bojong atlet bojong dut
814,2373,0,yg kalah lengser aja dunia perbulutangkisan gausa nonton bulu tangkis cari tau bulutangkis ribet bgt hidup lo main abis kalah suruh jd main protrs pelatnas isi
815,2400,1,yok prestasi yok biar gak kalah ama bulutangkis
816,387,1,yup macem ad sepatu basket n bulutangkis jg
